table-name,column-name,data-type
access_rights,access_rights_id,VARCHAR(20)
access_rights,essence,VARCHAR(255)
access_rights,join_segment,INTEGER
access_rights,name_rules,VARCHAR(255)
access_rights,priority,INTEGER
access_rights,rules,VARCHAR(2000)
access_rights,screen,VARCHAR(255)
access_rights,type_acc,CHAR(1)
accessory_position,accessory_position_id,VARCHAR(20)
accessory_position,created_dt,TIMESTAMP
accessory_position,end_date,DATE
accessory_position,input_file_id,BIGINT
accessory_position,name,VARCHAR(255)
accessory_position,parent_id,VARCHAR(20)
accessory_position,start_date,DATE
accessory_position,type_acc,VARCHAR(30)
agency_agreement,agreement_id,VARCHAR(20)
agency_agreement,agreement_status_id,VARCHAR(20)
agency_agreement,end_date,DATE
agency_agreement,input_file_id,BIGINT
agency_agreement,start_date,DATE
agency_contract,agency_contract_id,VARCHAR(20)
agency_contract,agency_fee,"DECIMAL(25,7)"
agency_contract,close_dt,DATE
agency_contract,end_date,DATE
agency_contract,input_file_id,BIGINT
agency_contract,num,VARCHAR(255)
agency_contract,open_dt,DATE
agency_contract,organisation_id,VARCHAR(20)
agency_contract,reestr_num,VARCHAR(20)
agency_contract,start_date,DATE
agr_access_rights,access_rights_id,VARCHAR(20)
agr_access_rights,agreement_id,VARCHAR(20)
agr_access_rights,flag,CHAR(1)
agr_access_rights,login,VARCHAR(255)
agr_access_rights,position_id,VARCHAR(20)
agr_access_rights,type_acc,CHAR(1)
agreement,agr_date,DATE
agreement,agreement_id,VARCHAR(20)
agreement,agreement_status_id,VARCHAR(20)
agreement,agreement_type_id,VARCHAR(20)
agreement,creation_date,DATE
agreement,crm_row_id,VARCHAR(20)
agreement,end_date,DATE
agreement,input_file_id,BIGINT
agreement,main_position_id,VARCHAR(20)
agreement,start_date,DATE
agreement_reestr_link,agreement_id,VARCHAR(20)
agreement_reestr_link,agreement_reestr_id,VARCHAR(20)
agreement_reestr_link,end_date,DATE
agreement_reestr_link,input_file_id,BIGINT
agreement_reestr_link,is_no_use,CHAR(1)
agreement_reestr_link,reestr_pa_id,VARCHAR(20)
agreement_reestr_link,start_date,DATE
agreement_status,agreement_status_id,VARCHAR(20)
agreement_status,input_file_id,BIGINT
agreement_status,name,VARCHAR(255)
agreement_team,agreement_id,VARCHAR(20)
agreement_team,agreement_team_id,VARCHAR(20)
agreement_team,created_date,DATE
agreement_team,end_date,DATE
agreement_team,input_file_id,BIGINT
agreement_team,is_primary,CHAR(1)
agreement_team,position_id,VARCHAR(20)
agreement_team,start_date,DATE
agreement_type,agreement_type_id,VARCHAR(20)
agreement_type,input_file_id,BIGINT
agreement_type,name,VARCHAR(255)
applicant,applicant_contacts_id,VARCHAR(20)
applicant,applicant_id,VARCHAR(20)
applicant,applicant_orgstructure_id,VARCHAR(20)
applicant,comments,VARCHAR(255)
applicant,cover_orgstructure_id,VARCHAR(20)
applicant,created_contacts_id,VARCHAR(20)
applicant,end_date,DATE
applicant,input_file_id,BIGINT
applicant,organisation_id,VARCHAR(20)
applicant,reject_contacts_id,VARCHAR(20)
applicant,reject_flg,CHAR(1)
applicant,rejected_date,DATE
applicant,start_date,DATE
assets_type,assets_type_id,VARCHAR(20)
assets_type,input_file_id,BIGINT
assets_type,name,VARCHAR(255)
calendar,count_day_month,INTEGER
calendar,count_day_year,INTEGER
calendar,date_2_year,DATE
calendar,date_30_days,DATE
calendar,day_name,VARCHAR(255)
calendar,end_date_month,DATE
calendar,first_day_month,DATE
calendar,input_file_id,BIGINT
calendar,is_holiday,VARCHAR(255)
calendar,month_name,VARCHAR(255)
calendar,number_day_month,INTEGER
calendar,number_day_week,INTEGER
calendar,number_half_year,INTEGER
calendar,number_month,INTEGER
calendar,number_quarter,INTEGER
calendar,number_week_month,INTEGER
calendar,number_week_year,INTEGER
calendar,report_dt,DATE
calendar,rest_hour,INTEGER
calendar,work_hour,INTEGER
calendar,year_num,INTEGER
card_apr_access_rights,access_rights_id,VARCHAR(20)
card_apr_access_rights,card_aproval_id,VARCHAR(20)
card_apr_access_rights,flag,CHAR(1)
card_apr_access_rights,login,VARCHAR(255)
card_apr_access_rights,position_id,VARCHAR(20)
card_apr_access_rights,type_acc,CHAR(1)
card_aproval,aproval_result,VARCHAR(255)
card_aproval,card_aproval_id,VARCHAR(20)
card_aproval,card_aproval_status_id,VARCHAR(20)
card_aproval,date_begin_fact,TIMESTAMP
card_aproval,date_end_fact,TIMESTAMP
card_aproval,date_end_plan,TIMESTAMP
card_aproval,deal_id,VARCHAR(20)
card_aproval,duration_aprov_fact,INTEGER
card_aproval,duration_aprov_normativ,INTEGER
card_aproval,end_date,DATE
card_aproval,exec_contacts_id,VARCHAR(20)
card_aproval,inboxsubtype,VARCHAR(250)
card_aproval,initiator_contacts_id,VARCHAR(20)
card_aproval,input_file_id,BIGINT
card_aproval,is_active,CHAR(1)
card_aproval,name,VARCHAR(255)
card_aproval,start_date,DATE
card_aproval_status,card_aproval_status_id,VARCHAR(20)
card_aproval_status,input_file_id,BIGINT
card_aproval_status,name,VARCHAR(255)
change_request,approve_one_position_id,VARCHAR(20)
change_request,approve_two_position_id,VARCHAR(20)
change_request,change_request_id,VARCHAR(20)
change_request,change_request_type_id,VARCHAR(20)
change_request,creation_date,DATE
change_request,description,VARCHAR(2000)
change_request,end_date,DATE
change_request,initiate_contacts_id,VARCHAR(20)
change_request,input_file_id,BIGINT
change_request,is_rel_dep,CHAR(1)
change_request,new_change_request_status_id,VARCHAR(20)
change_request,new_own_id,VARCHAR(20)
change_request,new_segment_id,VARCHAR(20)
change_request,new_vko_orgstructure_id,VARCHAR(20)
change_request,new_vko_position_id,VARCHAR(20)
change_request,organisation_id,VARCHAR(20)
change_request,per,VARCHAR(255)
change_request,period_id,VARCHAR(20)
change_request,reject_comment,VARCHAR(2000)
change_request,start_date,DATE
change_request_status,change_request_status_id,VARCHAR(20)
change_request_status,input_file_id,BIGINT
change_request_status,name,VARCHAR(255)
change_request_type,change_request_type_id,VARCHAR(20)
change_request_type,input_file_id,BIGINT
change_request_type,name,VARCHAR(255)
co_act_status,co_act_status_id,VARCHAR(20)
co_act_status,input_file_id,BIGINT
co_act_status,name,VARCHAR(30)
collegial_dep,collegial_dep_id,VARCHAR(20)
collegial_dep,creation_date,TIMESTAMP
collegial_dep,crm_row_id,VARCHAR(20)
collegial_dep,end_date,DATE
collegial_dep,input_file_id,BIGINT
collegial_dep,orgstructures_id,VARCHAR(20)
collegial_dep,start_date,DATE
collegial_dep,type_cc,VARCHAR(255)
collegial_dep_access_rights,access_rights_id,VARCHAR(20)
collegial_dep_access_rights,collegial_dep_id,VARCHAR(20)
collegial_dep_access_rights,flag,CHAR(1)
collegial_dep_access_rights,login,VARCHAR(255)
collegial_dep_access_rights,position_id,VARCHAR(20)
collegial_dep_access_rights,type_acc,CHAR(1)
collegial_dep_activity,co_act_status_id,VARCHAR(20)
collegial_dep_activity,collegial_dep_activity_id,VARCHAR(20)
collegial_dep_activity,collegial_dep_id,VARCHAR(20)
collegial_dep_activity,date_fact,TIMESTAMP
collegial_dep_activity,end_date,DATE
collegial_dep_activity,input_file_id,BIGINT
collegial_dep_activity,sec_position_id,VARCHAR(20)
collegial_dep_activity,start_date,DATE
collegial_dep_activity,type_cc,VARCHAR(255)
collegial_dep_team,collegial_dep_activity_id,VARCHAR(20)
collegial_dep_team,collegial_dep_team_id,VARCHAR(20)
collegial_dep_team,end_date,DATE
collegial_dep_team,input_file_id,BIGINT
collegial_dep_team,is_lead,CHAR(1)
collegial_dep_team,position_id,VARCHAR(20)
collegial_dep_team,role_subject_id,VARCHAR(20)
collegial_dep_team,start_date,DATE
consolidated_group,consolidated_group_id,VARCHAR(20)
consolidated_group,creation_date,TIMESTAMP
consolidated_group,end_date,DATE
consolidated_group,gkm_position_id,VARCHAR(20)
consolidated_group,input_file_id,BIGINT
consolidated_group,name,VARCHAR(255)
consolidated_group,sector_id,VARCHAR(20)
consolidated_group,start_date,DATE
consolidated_group,status,VARCHAR(255)
cont_individ_team,cont_individ_team_id,VARCHAR(20)
cont_individ_team,contacts_individ_id,VARCHAR(20)
cont_individ_team,end_date,DATE
cont_individ_team,input_file_id,BIGINT
cont_individ_team,position_id,VARCHAR(20)
cont_individ_team,start_date,DATE
contacts,birth_date,DATE
contacts,cnt_type,VARCHAR(20)
contacts,contacts_id,VARCHAR(20)
contacts,creation_date,TIMESTAMP
contacts,crm_row_id,VARCHAR(20)
contacts,email,VARCHAR(255)
contacts,end_date,DATE
contacts,fst_name,VARCHAR(255)
contacts,input_file_id,BIGINT
contacts,is_active,CHAR(1)
contacts,is_secur_deal,CHAR(1)
contacts,is_vip,CHAR(1)
contacts,login,VARCHAR(255)
contacts,lst_name,VARCHAR(255)
contacts,mid_name,VARCHAR(255)
contacts,position_id,VARCHAR(20)
contacts,start_date,DATE
contacts,work_phone,VARCHAR(255)
contacts_access_rights,access_rights_id,VARCHAR(20)
contacts_access_rights,contacts_id,VARCHAR(20)
contacts_access_rights,flag,CHAR(1)
contacts_access_rights,login,VARCHAR(255)
contacts_access_rights,position_id,VARCHAR(20)
contacts_access_rights,type_acc,CHAR(1)
contacts_date,contacts_id,VARCHAR(20)
contacts_date,input_file_id,BIGINT
contacts_date,last_date,TIMESTAMP
contacts_individ,birth_date,DATE
contacts_individ,cnt_type,VARCHAR(20)
contacts_individ,contacts_id,VARCHAR(20)
contacts_individ,creation_date,TIMESTAMP
contacts_individ,crm_row_id,VARCHAR(20)
contacts_individ,email,VARCHAR(255)
contacts_individ,end_date,DATE
contacts_individ,fst_name,VARCHAR(255)
contacts_individ,input_file_id,BIGINT
contacts_individ,is_active,CHAR(1)
contacts_individ,is_vip,CHAR(1)
contacts_individ,lst_name,VARCHAR(255)
contacts_individ,mid_name,VARCHAR(255)
contacts_individ,org_type_id,VARCHAR(20)
contacts_individ,organisation_id,VARCHAR(20)
contacts_individ,post,VARCHAR(255)
contacts_individ,start_date,DATE
contacts_individ,vkk_position_id,VARCHAR(20)
contacts_individ,work_phone,VARCHAR(255)
court_access_rights,access_rights_id,VARCHAR(20)
court_access_rights,court_proceeding_id,VARCHAR(20)
court_access_rights,flag,CHAR(1)
court_access_rights,login,VARCHAR(255)
court_access_rights,position_id,VARCHAR(20)
court_access_rights,type_acc,CHAR(1)
court_exec_link,court_proceeding_id,VARCHAR(20)
court_exec_link,end_date,DATE
court_exec_link,executory_proceeding_id,VARCHAR(20)
court_exec_link,input_file_id,BIGINT
court_exec_link,start_date,DATE
court_proceeding,agreement_id,VARCHAR(20)
court_proceeding,appeal_dt,DATE
court_proceeding,court_exec_amt,"DECIMAL(25,7)"
court_proceeding,court_name,VARCHAR(255)
court_proceeding,court_proceeding_id,VARCHAR(20)
court_proceeding,court_trans_dt,TIMESTAMP
court_proceeding,court_type,VARCHAR(255)
court_proceeding,criminal_proceeding_id,VARCHAR(20)
court_proceeding,doc_num_bankrpt,VARCHAR(255)
court_proceeding,doc_num_cur,VARCHAR(255)
court_proceeding,doc_num_frts_inst,VARCHAR(255)
court_proceeding,end_date,DATE
court_proceeding,exact_amt,"DECIMAL(25,10)"
court_proceeding,exec_amt,"DECIMAL(25,7)"
court_proceeding,input_file_id,BIGINT
court_proceeding,instance_name,VARCHAR(255)
court_proceeding,judge_name,VARCHAR(255)
court_proceeding,moving,VARCHAR(255)
court_proceeding,next_court_dt,TIMESTAMP
court_proceeding,organisation_id,VARCHAR(20)
court_proceeding,peaceful_dt,TIMESTAMP
court_proceeding,position_id,VARCHAR(20)
court_proceeding,pr_accnt_id,VARCHAR(20)
court_proceeding,res_dt,TIMESTAMP
court_proceeding,result_apple,VARCHAR(255)
court_proceeding,result_court,VARCHAR(255)
court_proceeding,result_gragdansk,"DECIMAL(25,4)"
court_proceeding,result_kassac,VARCHAR(255)
court_proceeding,result_name,VARCHAR(255)
court_proceeding,start_date,DATE
court_proceeding,status,VARCHAR(255)
credit_agr_access_rights,access_rights_id,VARCHAR(20)
credit_agr_access_rights,agreement_id,VARCHAR(20)
credit_agr_access_rights,flag,CHAR(1)
credit_agr_access_rights,login,VARCHAR(255)
credit_agr_access_rights,position_id,VARCHAR(20)
credit_agr_access_rights,type_acc,CHAR(1)
credit_condition,agreement_id,VARCHAR(20)
credit_condition,amount_approved,"DECIMAL(25,7)"
credit_condition,av_period,"DECIMAL(25,7)"
credit_condition,close_rule,VARCHAR(255)
credit_condition,creation_date,DATE
credit_condition,credit_condition_id,VARCHAR(20)
credit_condition,credit_condition_status_id,VARCHAR(20)
credit_condition,credit_duration,"DECIMAL(25,7)"
credit_condition,credit_type_id,VARCHAR(20)
credit_condition,crm_row_id,VARCHAR(20)
credit_condition,currency_id,VARCHAR(20)
credit_condition,current_rate,"DECIMAL(25,7)"
credit_condition,deal_condition_type_id,VARCHAR(20)
credit_condition,deal_id,VARCHAR(20)
credit_condition,delay_payment,"DECIMAL(25,7)"
credit_condition,end_date,DATE
credit_condition,eq_amount_rub,"DECIMAL(25,7)"
credit_condition,first_rate,"DECIMAL(25,7)"
credit_condition,input_file_id,BIGINT
credit_condition,is_rkl_main_flg,CHAR(1)
credit_condition,lgd_calc,"DECIMAL(25,7)"
credit_condition,parent_id,VARCHAR(20)
credit_condition,product_group_dkk_id,VARCHAR(20)
credit_condition,product_id,VARCHAR(20)
credit_condition,range_amount_type_id,VARCHAR(20)
credit_condition,rate_type_id,VARCHAR(20)
credit_condition,req_amount,"DECIMAL(25,7)"
credit_condition,req_amount_rur,"DECIMAL(25,7)"
credit_condition,rvps_ekk,"DECIMAL(25,7)"
credit_condition,start_date,DATE
credit_condition,x_lgd,"DECIMAL(25,7)"
credit_condition_status,credit_condition_status_id,VARCHAR(20)
credit_condition_status,input_file_id,BIGINT
credit_condition_status,name,VARCHAR(255)
credit_type,credit_type_id,VARCHAR(20)
credit_type,input_file_id,BIGINT
credit_type,name,VARCHAR(255)
criminal_proceeding,claim_date,TIMESTAMP
criminal_proceeding,contacts_id,VARCHAR(20)
criminal_proceeding,criminal_proceeding_id,VARCHAR(20)
criminal_proceeding,determ,VARCHAR(255)
criminal_proceeding,end_date,DATE
criminal_proceeding,input_file_id,BIGINT
criminal_proceeding,monitoring_card_id,VARCHAR(20)
criminal_proceeding,proc_date,TIMESTAMP
criminal_proceeding,sent_date,TIMESTAMP
criminal_proceeding,stage,VARCHAR(255)
criminal_proceeding,start_date,DATE
crit_prob_mon_link,agr_num,VARCHAR(255)
crit_prob_mon_link,agreement_id,VARCHAR(20)
crit_prob_mon_link,crit_mon_link_id,VARCHAR(20)
crit_prob_mon_link,criterion_problematic_id,VARCHAR(20)
crit_prob_mon_link,end_date,DATE
crit_prob_mon_link,end_dt_crit,TIMESTAMP
crit_prob_mon_link,input_file_id,BIGINT
crit_prob_mon_link,monitoring_card_id,VARCHAR(20)
crit_prob_mon_link,start_date,DATE
crit_prob_mon_link,start_dt_crit,TIMESTAMP
crit_prob_mon_link,status,VARCHAR(255)
criterion_problematic,criterion_problematic_id,VARCHAR(20)
criterion_problematic,crm_row_id,VARCHAR(20)
criterion_problematic,end_date,DATE
criterion_problematic,input_file_id,BIGINT
criterion_problematic,name,VARCHAR(2000)
criterion_problematic,num,VARCHAR(255)
criterion_problematic,probl_group,VARCHAR(255)
criterion_problematic,resp_zone,VARCHAR(30)
criterion_problematic,start_date,DATE
crm_link,crm_link_id,VARCHAR(20)
crm_link,end_date,DATE
crm_link,input_file_id,BIGINT
crm_link,par_party_id,VARCHAR(20)
crm_link,party_id,VARCHAR(20)
crm_link,post,VARCHAR(255)
crm_link,start_date,DATE
currency,creation_date,DATE
currency,currency_id,VARCHAR(20)
currency,input_file_id,BIGINT
currency,iso_code,VARCHAR(255)
currency,iso_name,VARCHAR(255)
currency,iso_num_code,VARCHAR(255)
currency_classification,currency_classification_id,VARCHAR(20)
currency_classification,input_file_id,BIGINT
currency_classification,name,VARCHAR(255)
deal,amount_deal,"DECIMAL(25,7)"
deal,amout_deal_rub,"DECIMAL(25,7)"
deal,close_reason,VARCHAR(255)
deal,contacts_id,VARCHAR(20)
deal,creation_date,DATE
deal,crm_row_id,VARCHAR(20)
deal,currency_id,VARCHAR(20)
deal,date_closed,DATE
deal,date_concluded_denied,DATE
deal,date_creat_after_input,DATE
deal,deal_id,VARCHAR(20)
deal,deal_sense,VARCHAR(255)
deal,deal_stg_reject_id,VARCHAR(20)
deal,deal_type_id,VARCHAR(20)
deal,deal_using_id,VARCHAR(20)
deal,employee_ib_list,VARCHAR(2000)
deal,end_date,DATE
deal,end_date_fact,DATE
deal,end_date_plan,DATE
deal,input_file_id,BIGINT
deal,is_block_vks,CHAR(1)
deal,is_credit_deal,CHAR(1)
deal,is_cross_sell,CHAR(1)
deal,is_last_deal,CHAR(1)
deal,is_nkp,CHAR(1)
deal,is_secure_deal,CHAR(1)
deal,issue_deal,VARCHAR(255)
deal,km_position_id,VARCHAR(20)
deal,kp_position_id,VARCHAR(20)
deal,organisation_id,VARCHAR(20)
deal,period_deal,VARCHAR(255)
deal,probability,"DECIMAL(35,15)"
deal,product_group_dkk_id,VARCHAR(20)
deal,product_id,VARCHAR(20)
deal,product_position_id,VARCHAR(20)
deal,revenu,"DECIMAL(25,7)"
deal,sales_method_id,VARCHAR(20)
deal,start_date,DATE
deal,status_concluded_denied,VARCHAR(255)
deal,terr_ko_id,VARCHAR(20)
deal,vks_position_id,VARCHAR(20)
deal_access_rights,access_rights_id,VARCHAR(20)
deal_access_rights,deal_id,VARCHAR(20)
deal_access_rights,flag,CHAR(1)
deal_access_rights,login,VARCHAR(255)
deal_access_rights,position_id,VARCHAR(20)
deal_access_rights,type_acc,CHAR(1)
deal_agg,amount_deal_close,"DECIMAL(35,15)"
deal_agg,amount_deal_concluded,"DECIMAL(35,15)"
deal_agg,amount_deal_created,"DECIMAL(35,15)"
deal_agg,amount_deal_open,"DECIMAL(35,15)"
deal_agg,count_credit_deal_close,INTEGER
deal_agg,count_credit_deal_concluded,INTEGER
deal_agg,count_credit_deal_created,INTEGER
deal_agg,count_credit_deal_open,INTEGER
deal_agg,count_deal_all,INTEGER
deal_agg,count_deal_close,INTEGER
deal_agg,count_deal_concluded,INTEGER
deal_agg,count_deal_created,INTEGER
deal_agg,count_deal_open,INTEGER
deal_agg,count_notcred_deal_close,INTEGER
deal_agg,count_notcred_deal_concluded,INTEGER
deal_agg,count_notcred_deal_created,INTEGER
deal_agg,count_notcred_deal_open,INTEGER
deal_agg,deal_type_id,VARCHAR(20)
deal_agg,is_arch_deal,CHAR(1)
deal_agg,km_orgstructure_id,VARCHAR(20)
deal_agg,organisation_id,VARCHAR(20)
deal_agg,period_name_id,VARCHAR(20)
deal_agg,prod_orgstructure_id,VARCHAR(20)
deal_agg,product_group_dkk_id,VARCHAR(20)
deal_agg,product_id,VARCHAR(20)
deal_agg,report_date,DATE
deal_agg,sales_method_id,VARCHAR(20)
deal_agg,vko_orgstructure_id,VARCHAR(20)
deal_agg,vks_orgstructure_id,VARCHAR(20)
deal_agr_link_crm,agreement_id,VARCHAR(20)
deal_agr_link_crm,deal_agreement_id,VARCHAR(20)
deal_agr_link_crm,deal_id,VARCHAR(20)
deal_agr_link_crm,end_date,DATE
deal_agr_link_crm,input_file_id,BIGINT
deal_agr_link_crm,start_date,DATE
deal_agreement,agreement_id,VARCHAR(20)
deal_agreement,deal_id,VARCHAR(20)
deal_agreement,end_date,DATE
deal_agreement,input_file_id,BIGINT
deal_agreement,start_date,DATE
deal_comment,creation_date,DATE
deal_comment,deal_comment_id,VARCHAR(20)
deal_comment,deal_id,VARCHAR(20)
deal_comment,end_date,DATE
deal_comment,input_file_id,BIGINT
deal_comment,note,VARCHAR(2000)
deal_comment,note_type,VARCHAR(255)
deal_comment,start_date,DATE
deal_condition_type,deal_condition_type_id,VARCHAR(20)
deal_condition_type,input_file_id,BIGINT
deal_condition_type,name,VARCHAR(255)
deal_count_agg,count_deal,INTEGER
deal_count_agg,deal_type_id,VARCHAR(20)
deal_count_agg,is_arch_deal,CHAR(1)
deal_count_agg,km_orgstructure_id,VARCHAR(20)
deal_count_agg,organisation_id,VARCHAR(20)
deal_count_agg,period_name_id,VARCHAR(20)
deal_count_agg,prod_orgstructure_id,VARCHAR(20)
deal_count_agg,report_date,DATE
deal_count_agg,sales_method_id,VARCHAR(20)
deal_count_agg,vko_orgstructure_id,VARCHAR(20)
deal_count_agg,vks_orgstructure_id,VARCHAR(20)
deal_detail_hist,deal_id,VARCHAR(20)
deal_detail_hist,deal_status_id,VARCHAR(20)
deal_detail_hist,deal_stg_id,VARCHAR(20)
deal_detail_hist,end_date,DATE
deal_detail_hist,input_file_id,BIGINT
deal_detail_hist,is_approval_card_delay,CHAR(1)
deal_detail_hist,is_arch_deal,CHAR(1)
deal_detail_hist,is_attached_doc,CHAR(1)
deal_detail_hist,is_closed,CHAR(1)
deal_detail_hist,is_closed_date,DATE
deal_detail_hist,is_delay_task,CHAR(1)
deal_detail_hist,is_lag_duration,CHAR(1)
deal_detail_hist,is_open,CHAR(1)
deal_detail_hist,margin_persent,"DECIMAL(25,7)"
deal_detail_hist,readness_deal,"DECIMAL(25,7)"
deal_detail_hist,start_date,DATE
deal_detail_hist,wish_date_ko,DATE
deal_status,deal_status_id,VARCHAR(20)
deal_status,input_file_id,BIGINT
deal_status,name,VARCHAR(255)
deal_stg,creation_date,TIMESTAMP
deal_stg,crm_row_id,VARCHAR(20)
deal_stg,deal_stg_id,VARCHAR(20)
deal_stg,description,VARCHAR(255)
deal_stg,end_date,DATE
deal_stg,input_file_id,BIGINT
deal_stg,sales_method_id,VARCHAR(20)
deal_stg,start_date,DATE
deal_stg,status,VARCHAR(255)
deal_stg,stg_name_id,VARCHAR(20)
deal_stg_agg,amount_deal_open,"DECIMAL(35,15)"
deal_stg_agg,count_deal_concluded,INTEGER
deal_stg_agg,count_deal_open,INTEGER
deal_stg_agg,count_deal_stg,INTEGER
deal_stg_agg,count_fact_dur_concluded,"DECIMAL(35,15)"
deal_stg_agg,count_fact_dur_stg,"DECIMAL(35,15)"
deal_stg_agg,count_holiday,INTEGER
deal_stg_agg,date_concluded_forecast,DATE
deal_stg_agg,deal_count,INTEGER
deal_stg_agg,deal_stg_reject_id,VARCHAR(20)
deal_stg_agg,deal_type_id,VARCHAR(20)
deal_stg_agg,is_arch_deal,CHAR(1)
deal_stg_agg,is_cooperation_type,CHAR(1)
deal_stg_agg,km_orgstructure_id,VARCHAR(20)
deal_stg_agg,mid_fact_dur_stg,"DECIMAL(35,15)"
deal_stg_agg,name_uni_id,VARCHAR(20)
deal_stg_agg,org_relation_dep_id,VARCHAR(20)
deal_stg_agg,period_before_deal,"DECIMAL(35,15)"
deal_stg_agg,period_name_id,VARCHAR(20)
deal_stg_agg,prod_orgstructure_id,VARCHAR(20)
deal_stg_agg,product_group_dkk_id,VARCHAR(20)
deal_stg_agg,report_date,DATE
deal_stg_agg,sales_method_id,VARCHAR(20)
deal_stg_agg,segment_id,VARCHAR(20)
deal_stg_agg,vko_orgstructure_id,VARCHAR(20)
deal_stg_agg,vks_orgstructure_id,VARCHAR(20)
deal_stg_hist,begin_date_fact,TIMESTAMP
deal_stg_hist,deal_id,VARCHAR(20)
deal_stg_hist,deal_stg_hist_id,VARCHAR(20)
deal_stg_hist,deal_stg_id,VARCHAR(20)
deal_stg_hist,duration_fact,"DECIMAL(25,1)"
deal_stg_hist,duration_plan,INTEGER
deal_stg_hist,end_date,DATE
deal_stg_hist,end_date_fact,TIMESTAMP
deal_stg_hist,end_date_plan,TIMESTAMP
deal_stg_hist,input_file_id,BIGINT
deal_stg_hist,start_date,DATE
deal_team,deal_id,VARCHAR(20)
deal_team,deal_team_id,VARCHAR(20)
deal_team,end_date,DATE
deal_team,input_file_id,BIGINT
deal_team,is_lead,CHAR(1)
deal_team,position_id,VARCHAR(20)
deal_team,role_subject_id,VARCHAR(20)
deal_team,start_date,DATE
deal_type,deal_type_id,VARCHAR(20)
deal_type,input_file_id,BIGINT
deal_type,name,VARCHAR(255)
deal_using,deal_using_id,VARCHAR(20)
deal_using,input_file_id,BIGINT
deal_using,name,VARCHAR(255)
decision_cd,collegial_dep_activity_id,VARCHAR(20)
decision_cd,creation_date,TIMESTAMP
decision_cd,crm_row_id,VARCHAR(20)
decision_cd,deal_id,VARCHAR(20)
decision_cd,decision,VARCHAR(255)
decision_cd,decision_cd_id,VARCHAR(20)
decision_cd,decision_date,TIMESTAMP
decision_cd,decision_format,VARCHAR(255)
decision_cd,desicion_num,VARCHAR(255)
decision_cd,end_date,DATE
decision_cd,input_file_id,BIGINT
decision_cd,start_date,DATE
defolt_detail_info,agreement_id,VARCHAR(20)
defolt_detail_info,cacl_date,DATE
defolt_detail_info,defolt_detail_info_id,VARCHAR(20)
defolt_detail_info,end_date,DATE
defolt_detail_info,input_file_id,BIGINT
defolt_detail_info,lgd,"DECIMAL(25,7)"
defolt_detail_info,lgd_model,VARCHAR(255)
defolt_detail_info,rating_id,VARCHAR(30)
defolt_detail_info,risk_cost,"DECIMAL(25,7)"
defolt_detail_info,start_date,DATE
deputy,deputy_contacts_id,VARCHAR(20)
deputy,deputy_id,VARCHAR(20)
deputy,end_dt,DATE
deputy,input_file_id,BIGINT
deputy,replace_position_id,VARCHAR(20)
deputy,start_dt,DATE
deputy,status,VARCHAR(255)
emp_position,accessory_position_id,VARCHAR(20)
emp_position,contact_id,VARCHAR(20)
emp_position,creation_date,TIMESTAMP
emp_position,crm_row_id,VARCHAR(20)
emp_position,end_date,DATE
emp_position,func_id,VARCHAR(20)
emp_position,input_file_id,BIGINT
emp_position,name,VARCHAR(255)
emp_position,org_relation_dep_id,VARCHAR(20)
emp_position,parent_id,VARCHAR(20)
emp_position,position_id,VARCHAR(20)
emp_position,segment_id,VARCHAR(20)
emp_position,start_date,DATE
emp_position,status,CHAR(1)
emp_position,terr_crm_id,VARCHAR(20)
emp_position,terr_id,VARCHAR(20)
ensuring_access_rights,access_rights_id,VARCHAR(20)
ensuring_access_rights,ensuring_product_id,VARCHAR(20)
ensuring_access_rights,flag,CHAR(1)
ensuring_access_rights,login,VARCHAR(255)
ensuring_access_rights,position_id,VARCHAR(20)
ensuring_access_rights,type_acc,CHAR(1)
ensuring_product,col_type,VARCHAR(255)
ensuring_product,creation_date,DATE
ensuring_product,credit_condition_id,VARCHAR(20)
ensuring_product,crm_row_id,VARCHAR(20)
ensuring_product,currency_id,VARCHAR(20)
ensuring_product,end_date,DATE
ensuring_product,ensuring_product_bo,VARCHAR(255)
ensuring_product,ensuring_product_id,VARCHAR(20)
ensuring_product,eval_amt,"DECIMAL(25,7)"
ensuring_product,input_file_id,BIGINT
ensuring_product,product_id,VARCHAR(20)
ensuring_product,start_date,DATE
error_report_agg,count_deal_error,INTEGER
error_report_agg,error_type_id,VARCHAR(20)
error_report_agg,is_arch_deal,CHAR(1)
error_report_agg,is_closed_deal,CHAR(1)
error_report_agg,is_cooperation_type,CHAR(1)
error_report_agg,km_orgstructure_id,VARCHAR(20)
error_report_agg,org_relation_dep_id,VARCHAR(20)
error_report_agg,organisation_id,VARCHAR(20)
error_report_agg,period_name_id,VARCHAR(20)
error_report_agg,prod_orgstructure_id,VARCHAR(20)
error_report_agg,report_date,DATE
error_report_agg,sales_method_id,VARCHAR(20)
error_report_agg,segment_id,VARCHAR(20)
error_report_agg,vko_orgstructure_id,VARCHAR(20)
error_report_agg,vks_orgstructure_id,VARCHAR(20)
error_type,code,VARCHAR(255)
error_type,error_type,VARCHAR(255)
error_type,error_type_id,VARCHAR(20)
error_type,input_file_id,BIGINT
error_type,name,VARCHAR(255)
errors_report,deal_crm_row_id,VARCHAR(255)
errors_report,deal_id,VARCHAR(20)
errors_report,error_type_id,VARCHAR(20)
errors_report,errors_report_id,VARCHAR(20)
errors_report,input_file_id,BIGINT
errors_report,org_crm_row_id,VARCHAR(20)
errors_report,organisation_id,VARCHAR(20)
errors_report,report_date,DATE
exchange_curs,curs,"DECIMAL(25,4)"
exchange_curs,exchange_curs_id,VARCHAR(20)
exchange_curs,exchange_date,DATE
exchange_curs,from_currency_id,VARCHAR(20)
exchange_curs,input_file_id,BIGINT
exchange_curs,to_currency_id,VARCHAR(20)
exec_access_rights,access_rights_id,VARCHAR(20)
exec_access_rights,executory_proceeding_id,VARCHAR(20)
exec_access_rights,flag,CHAR(1)
exec_access_rights,login,VARCHAR(255)
exec_access_rights,position_id,VARCHAR(20)
exec_access_rights,type_acc,CHAR(1)
executory_proceeding,agency_date,TIMESTAMP
executory_proceeding,begin_exec_date,TIMESTAMP
executory_proceeding,court_proceeding_id,VARCHAR(20)
executory_proceeding,end_date,DATE
executory_proceeding,entry_date,TIMESTAMP
executory_proceeding,exec_doc_date,TIMESTAMP
executory_proceeding,exec_doc_name,VARCHAR(255)
executory_proceeding,exec_doc_num,VARCHAR(255)
executory_proceeding,exec_doc_sum,"DECIMAL(25,7)"
executory_proceeding,executory_proceeding_id,VARCHAR(20)
executory_proceeding,get_doc_exec_dt,TIMESTAMP
executory_proceeding,input_file_id,BIGINT
executory_proceeding,pay_amount,"DECIMAL(25,7)"
executory_proceeding,position_id,VARCHAR(20)
executory_proceeding,sent_doc_exec_dt,TIMESTAMP
executory_proceeding,stage_cd,VARCHAR(255)
executory_proceeding,start_date,DATE
executory_proceeding,status_cd,VARCHAR(255)
forecast_curs,created,DATE
forecast_curs,currency_id,VARCHAR(20)
forecast_curs,curs_date,DATE
forecast_curs,curs_value,"DECIMAL(35,15)"
forecast_curs,deal_id,VARCHAR(20)
forecast_curs,forecast_curs_id,VARCHAR(20)
forecast_curs,input_file_id,BIGINT
gsz,creation_date_gsz,DATE
gsz,crm_row_id,VARCHAR(20)
gsz,curator_id,VARCHAR(20)
gsz,end_date,DATE
gsz,func_curator_id,VARCHAR(20)
gsz,func_grm_id,VARCHAR(20)
gsz,gkm_id,VARCHAR(20)
gsz,gsz_id,VARCHAR(20)
gsz,gsz_status_id,VARCHAR(20)
gsz,input_file_id,BIGINT
gsz,level,INTEGER
gsz,name,VARCHAR(255)
gsz,parent_gsz_id,VARCHAR(20)
gsz,parent_gsz_name,VARCHAR(255)
gsz,root_gsz_id,VARCHAR(20)
gsz,start_date,DATE
gsz,terr_curator_id,VARCHAR(20)
gsz,terr_gkm_id,VARCHAR(20)
gsz_access_rights,access_rights_id,VARCHAR(20)
gsz_access_rights,flag,CHAR(1)
gsz_access_rights,gsz_id,VARCHAR(20)
gsz_access_rights,login,VARCHAR(255)
gsz_access_rights,position_id,VARCHAR(20)
gsz_access_rights,type_acc,CHAR(1)
gsz_bi,end_date,DATE
gsz_bi,gsz_1_id,VARCHAR(20)
gsz_bi,gsz_1_name,VARCHAR(255)
gsz_bi,gsz_10_id,VARCHAR(20)
gsz_bi,gsz_10_name,VARCHAR(255)
gsz_bi,gsz_2_id,VARCHAR(20)
gsz_bi,gsz_2_name,VARCHAR(255)
gsz_bi,gsz_3_id,VARCHAR(20)
gsz_bi,gsz_3_name,VARCHAR(255)
gsz_bi,gsz_4_id,VARCHAR(20)
gsz_bi,gsz_4_name,VARCHAR(255)
gsz_bi,gsz_5_id,VARCHAR(20)
gsz_bi,gsz_5_name,VARCHAR(255)
gsz_bi,gsz_6_id,VARCHAR(20)
gsz_bi,gsz_6_name,VARCHAR(255)
gsz_bi,gsz_7_id,VARCHAR(20)
gsz_bi,gsz_7_name,VARCHAR(255)
gsz_bi,gsz_8_id,VARCHAR(20)
gsz_bi,gsz_8_name,VARCHAR(255)
gsz_bi,gsz_9_id,VARCHAR(20)
gsz_bi,gsz_9_name,VARCHAR(255)
gsz_bi,gsz_id,VARCHAR(20)
gsz_bi,gsz_name,VARCHAR(255)
gsz_bi,input_file_id,BIGINT
gsz_bi,lvl,INTEGER
gsz_bi,lvl_root,INTEGER
gsz_bi,start_date,DATE
gsz_limit,accept_date,DATE
gsz_limit,accept_doc_num,VARCHAR(255)
gsz_limit,accept_limit_amount,"DECIMAL(25,7)"
gsz_limit,calc_limit_amount_rub,"DECIMAL(25,7)"
gsz_limit,creation_date,DATE
gsz_limit,crm_row_id,VARCHAR(20)
gsz_limit,curr_limit_amount_rub,"DECIMAL(25,7)"
gsz_limit,currency_id,VARCHAR(20)
gsz_limit,end_date,DATE
gsz_limit,gsz_id,VARCHAR(20)
gsz_limit,gsz_limit_id,VARCHAR(20)
gsz_limit,input_file_id,BIGINT
gsz_limit,owner_orgstructure_id,VARCHAR(20)
gsz_limit,start_date,DATE
gsz_limit,use_limit_amount_rub,"DECIMAL(25,7)"
gsz_org,contacts_id,VARCHAR(20)
gsz_org,end_date,DATE
gsz_org,gsz_id,VARCHAR(20)
gsz_org,gsz_org_id,VARCHAR(20)
gsz_org,input_file_id,BIGINT
gsz_org,link_date,DATE
gsz_org,link_type,VARCHAR(3)
gsz_org,obj_id,VARCHAR(20)
gsz_org,organisation_id,VARCHAR(20)
gsz_org,start_date,DATE
gsz_status,gsz_status_id,VARCHAR(20)
gsz_status,input_file_id,BIGINT
gsz_status,name,VARCHAR(255)
guarantee_agreement,agreement_id,VARCHAR(20)
guarantee_agreement,agreement_status_id,VARCHAR(20)
guarantee_agreement,end_date,DATE
guarantee_agreement,input_file_id,BIGINT
guarantee_agreement,start_date,DATE
important_date,contacts_individ_id,VARCHAR(20)
important_date,date_type,VARCHAR(255)
important_date,end_date,DATE
important_date,important_date,DATE
important_date,important_date_id,VARCHAR(20)
important_date,input_file_id,BIGINT
important_date,start_date,DATE
intersection_crm,division_id,VARCHAR(20)
intersection_crm,end_date,DATE
intersection_crm,input_file_id,BIGINT
intersection_crm,intersection_id,VARCHAR(20)
intersection_crm,position_id,VARCHAR(20)
intersection_crm,start_date,DATE
link_criterion,crm_row_id,VARCHAR(20)
link_criterion,end_date,DATE
link_criterion,input_file_id,BIGINT
link_criterion,link_criterion_id,VARCHAR(20)
link_criterion,link_criterion_type_id,VARCHAR(20)
link_criterion,link_date,TIMESTAMP
link_criterion,link_id,VARCHAR(20)
link_criterion,start_date,DATE
link_criterion_type,date_create_link,DATE
link_criterion_type,description,VARCHAR(2000)
link_criterion_type,end_date,DATE
link_criterion_type,input_file_id,BIGINT
link_criterion_type,link_criterion_type_id,VARCHAR(20)
link_criterion_type,name,VARCHAR(255)
link_criterion_type,start_date,DATE
literature,end_date,DATE
literature,input_file_id,BIGINT
literature,literature_id,VARCHAR(20)
literature,name,VARCHAR(255)
literature,start_date,DATE
loan_agreement,agr_currency_id,VARCHAR(20)
loan_agreement,agr_date,DATE
loan_agreement,agr_finish_date,DATE
loan_agreement,agr_num,VARCHAR(255)
loan_agreement,agreement_id,VARCHAR(20)
loan_agreement,amount,"DECIMAL(25,7)"
loan_agreement,current_rate,"DECIMAL(25,7)"
loan_agreement,div_issue_code,VARCHAR(255)
loan_agreement,end_date,DATE
loan_agreement,input_file_id,BIGINT
loan_agreement,is_off_balance,CHAR(1)
loan_agreement,issue_currency_id,VARCHAR(20)
loan_agreement,loan_agreement_type_id,VARCHAR(20)
loan_agreement,orgstructures_id,VARCHAR(20)
loan_agreement,pay_interest_day,DATE
loan_agreement,stage,VARCHAR(255)
loan_agreement,stage_date,DATE
loan_agreement,stage_status,VARCHAR(255)
loan_agreement,start_date,DATE
loan_agreement_agg,amount_agr,"DECIMAL(35,15)"
loan_agreement_agg,count_agr,INTEGER
loan_agreement_agg,currency_id,VARCHAR(20)
loan_agreement_agg,km_org_orgstructure_id,VARCHAR(20)
loan_agreement_agg,organisation_id,VARCHAR(20)
loan_agreement_agg,period_name_id,VARCHAR(20)
loan_agreement_agg,report_date,DATE
loan_agreement_agg,vko_orgstructure_id,VARCHAR(20)
loan_agreement_detail,add_rvps,"DECIMAL(25,7)"
loan_agreement_detail,agree_sum_rub,"DECIMAL(25,7)"
loan_agreement_detail,agreement_id,VARCHAR(20)
loan_agreement_detail,all_activities_done,CHAR(1)
loan_agreement_detail,debt_amount_rub,"DECIMAL(25,7)"
loan_agreement_detail,debt_interest_rub,"DECIMAL(25,7)"
loan_agreement_detail,end_date,DATE
loan_agreement_detail,first_overdue_date,DATE
loan_agreement_detail,input_file_id,BIGINT
loan_agreement_detail,outstanding_debt_rub,"DECIMAL(25,7)"
loan_agreement_detail,overdue_amount_rub,"DECIMAL(25,7)"
loan_agreement_detail,overdue_date,DATE
loan_agreement_detail,overdue_debt_interest_rub,"DECIMAL(25,7)"
loan_agreement_detail,overdue_debt_rub,"DECIMAL(25,7)"
loan_agreement_detail,overdue_interest_date,DATE
loan_agreement_detail,penalty_amount_rub,"DECIMAL(25,7)"
loan_agreement_detail,reduce_rvps,"DECIMAL(25,7)"
loan_agreement_detail,return_debt_amount,"DECIMAL(25,7)"
loan_agreement_detail,stage_status,VARCHAR(255)
loan_agreement_detail,start_date,DATE
loan_agreement_type,input_file_id,BIGINT
loan_agreement_type,loan_agreement_type_id,VARCHAR(20)
loan_agreement_type,name,VARCHAR(255)
lot,buyer_organisation_id,VARCHAR(20)
lot,end_date,DATE
lot,input_file_id,BIGINT
lot,lot_id,VARCHAR(20)
lot,lot_name,VARCHAR(255)
lot,stage,VARCHAR(255)
lot,start_date,DATE
lot,tender_date,DATE
lot_agr_link,agreement_id,VARCHAR(20)
lot_agr_link,end_date,DATE
lot_agr_link,exclude_flg,CHAR(1)
lot_agr_link,input_file_id,BIGINT
lot_agr_link,lot_agr_link_id,VARCHAR(20)
lot_agr_link,lot_id,VARCHAR(20)
lot_agr_link,start_date,DATE
lot_team,creation_date,TIMESTAMP
lot_team,end_date,DATE
lot_team,input_file_id,BIGINT
lot_team,lot_id,VARCHAR(20)
lot_team,lot_team_id,VARCHAR(20)
lot_team,position_id,VARCHAR(20)
lot_team,start_date,DATE
measure,input_file_id,BIGINT
measure,measure_id,VARCHAR(20)
measure,name,VARCHAR(255)
mon_card_access_rights,access_rights_id,VARCHAR(20)
mon_card_access_rights,flag,CHAR(1)
mon_card_access_rights,login,VARCHAR(255)
mon_card_access_rights,monitoring_card_id,VARCHAR(20)
mon_card_access_rights,position_id,VARCHAR(20)
mon_card_access_rights,type_acc,CHAR(1)
monitoring_bankruptcy,agr_req_amt,"DECIMAL(25,7)"
monitoring_bankruptcy,collateral_req,"DECIMAL(25,7)"
monitoring_bankruptcy,created_dt,TIMESTAMP
monitoring_bankruptcy,crm_row_id,VARCHAR(20)
monitoring_bankruptcy,cur_event,VARCHAR(255)
monitoring_bankruptcy,cur_proc,VARCHAR(255)
monitoring_bankruptcy,declaration_date,TIMESTAMP
monitoring_bankruptcy,doc_num,VARCHAR(255)
monitoring_bankruptcy,end_bankrupt_date,TIMESTAMP
monitoring_bankruptcy,end_date,DATE
monitoring_bankruptcy,fst_tndr_dt,TIMESTAMP
monitoring_bankruptcy,fst_tndr_rslt,VARCHAR(255)
monitoring_bankruptcy,initiator_type,VARCHAR(255)
monitoring_bankruptcy,input_file_id,BIGINT
monitoring_bankruptcy,lst_incluse_dt,TIMESTAMP
monitoring_bankruptcy,monitoring_bankruptcy_id,VARCHAR(20)
monitoring_bankruptcy,monitoring_card_id,VARCHAR(20)
monitoring_bankruptcy,num,VARCHAR(255)
monitoring_bankruptcy,organisation_id,VARCHAR(20)
monitoring_bankruptcy,pub_date,TIMESTAMP
monitoring_bankruptcy,recovery_rate,"DECIMAL(25,7)"
monitoring_bankruptcy,req_amt,"DECIMAL(25,7)"
monitoring_bankruptcy,req_prod_date,TIMESTAMP
monitoring_bankruptcy,sec_tndr_dt,TIMESTAMP
monitoring_bankruptcy,sec_tndr_rslt,VARCHAR(255)
monitoring_bankruptcy,sro,VARCHAR(255)
monitoring_bankruptcy,start_date,DATE
monitoring_bankruptcy,vision_st_dt,TIMESTAMP
monitoring_card,creation_date,TIMESTAMP
monitoring_card,crm_row_id,VARCHAR(20)
monitoring_card,end_date,DATE
monitoring_card,input_file_id,BIGINT
monitoring_card,is_aproved,CHAR(1)
monitoring_card,lead_contacts_id,VARCHAR(20)
monitoring_card,monitoring_card_id,VARCHAR(20)
monitoring_card,not_need_ar,CHAR(1)
monitoring_card,num_crit_probl_black,VARCHAR(255)
monitoring_card,num_crit_probl_red,VARCHAR(255)
monitoring_card,num_crit_probl_yellow,VARCHAR(255)
monitoring_card,organisation_id,VARCHAR(20)
monitoring_card,orgstructures_id,VARCHAR(20)
monitoring_card,start_date,DATE
monitoring_card_detail,apprd_date,DATE
monitoring_card_detail,collection_model,VARCHAR(255)
monitoring_card_detail,date_find_prpa,DATE
monitoring_card_detail,end_date,DATE
monitoring_card_detail,fact_bankrp_amount,"DECIMAL(25,4)"
monitoring_card_detail,group_problem_ms,VARCHAR(255)
monitoring_card_detail,input_file_id,BIGINT
monitoring_card_detail,is_active,CHAR(1)
monitoring_card_detail,is_agreed,CHAR(1)
monitoring_card_detail,is_bankruptcy,VARCHAR(255)
monitoring_card_detail,is_court_proceeding,VARCHAR(255)
monitoring_card_detail,is_criminal_proceeding,VARCHAR(255)
monitoring_card_detail,is_debt,VARCHAR(255)
monitoring_card_detail,is_executory_proc,VARCHAR(255)
monitoring_card_detail,is_restructoring_debt,VARCHAR(255)
monitoring_card_detail,lead_group,VARCHAR(255)
monitoring_card_detail,monitoring_card_id,VARCHAR(20)
monitoring_card_detail,probl_group,VARCHAR(255)
monitoring_card_detail,probl_group_date,DATE
monitoring_card_detail,reason,VARCHAR(255)
monitoring_card_detail,resp_zone,VARCHAR(255)
monitoring_card_detail,start_date,DATE
monitoring_card_team,end_date,DATE
monitoring_card_team,input_file_id,BIGINT
monitoring_card_team,monitoring_card_id,VARCHAR(20)
monitoring_card_team,monitoring_card_team_id,VARCHAR(20)
monitoring_card_team,position_id,VARCHAR(20)
monitoring_card_team,role_subject_id,VARCHAR(20)
monitoring_card_team,start_date,DATE
name_uni,input_file_id,BIGINT
name_uni,name,VARCHAR(255)
name_uni,name_uni_id,VARCHAR(20)
name_uni,sort_number,VARCHAR(255)
org_access_rights,access_rights_id,VARCHAR(20)
org_access_rights,flag,CHAR(1)
org_access_rights,login,VARCHAR(255)
org_access_rights,organisation_id,VARCHAR(20)
org_access_rights,position_id,VARCHAR(20)
org_access_rights,type_acc,CHAR(1)
org_agreement_link,agreement_id,VARCHAR(20)
org_agreement_link,end_date,DATE
org_agreement_link,input_file_id,BIGINT
org_agreement_link,org_agreement_link_id,VARCHAR(20)
org_agreement_link,organisation_id,VARCHAR(20)
org_agreement_link,role_code,VARCHAR(255)
org_agreement_link,start_date,DATE
org_category,input_file_id,BIGINT
org_category,name,VARCHAR(255)
org_category,org_category_id,VARCHAR(20)
org_con_individ_link,contacts_individ_id,VARCHAR(20)
org_con_individ_link,end_date,DATE
org_con_individ_link,input_file_id,BIGINT
org_con_individ_link,is_primary,CHAR(1)
org_con_individ_link,org_con_individ_link_id,VARCHAR(20)
org_con_individ_link,organisation_id,VARCHAR(20)
org_con_individ_link,post,VARCHAR(255)
org_con_individ_link,start_date,DATE
org_coop_type,input_file_id,BIGINT
org_coop_type,name,VARCHAR(255)
org_coop_type,org_coop_type_id,VARCHAR(20)
org_cooperation,child_id,VARCHAR(20)
org_cooperation,end_date,DATE
org_cooperation,input_file_id,BIGINT
org_cooperation,org_cooperation_id,VARCHAR(20)
org_cooperation,parent_id,VARCHAR(20)
org_cooperation,rel_type,VARCHAR(255)
org_cooperation,start_date,DATE
org_cooperation_ind,cooperation_type,VARCHAR(255)
org_cooperation_ind,cooperation_value,"DECIMAL(25,4)"
org_cooperation_ind,cooperation_value_all,"DECIMAL(25,4)"
org_cooperation_ind,currency_classification_id,VARCHAR(20)
org_cooperation_ind,end_date,DATE
org_cooperation_ind,input_file_id,BIGINT
org_cooperation_ind,measure_id,VARCHAR(20)
org_cooperation_ind,org_coop_type_id,VARCHAR(20)
org_cooperation_ind,org_cooperation_ind_id,VARCHAR(20)
org_cooperation_ind,organisation_id,VARCHAR(20)
org_cooperation_ind,period_id,VARCHAR(20)
org_cooperation_ind,product_id,VARCHAR(20)
org_cooperation_ind,start_date,DATE
org_ind_type,input_file_id,BIGINT
org_ind_type,name,VARCHAR(255)
org_ind_type,org_ind_type_id,VARCHAR(20)
org_indicator,end_date,DATE
org_indicator,end_dt,TIMESTAMP
org_indicator,indicator_value,"DECIMAL(25,7)"
org_indicator,input_file_id,BIGINT
org_indicator,org_ind_type_id,VARCHAR(20)
org_indicator,org_indicator_id,VARCHAR(20)
org_indicator,organisation_id,VARCHAR(20)
org_indicator,period_id,VARCHAR(20)
org_indicator,start_date,DATE
org_indicator,start_dt,TIMESTAMP
org_link_crm,date_create_link,TIMESTAMP
org_link_crm,end_date,DATE
org_link_crm,input_file_id,BIGINT
org_link_crm,link_id,VARCHAR(20)
org_link_crm,org_link_id,VARCHAR(20)
org_link_crm,organisation_id,VARCHAR(20)
org_link_crm,start_date,DATE
org_prod_act,input_file_id,BIGINT
org_prod_act,name,VARCHAR(255)
org_prod_act,org_prod_act_id,VARCHAR(20)
org_relation_dep,input_file_id,BIGINT
org_relation_dep,name,VARCHAR(255)
org_relation_dep,org_relation_dep_id,VARCHAR(20)
org_status,input_file_id,BIGINT
org_status,name,VARCHAR(255)
org_status,org_status_id,VARCHAR(20)
org_team,end_date,DATE
org_team,input_file_id,BIGINT
org_team,is_lead,CHAR(1)
org_team,org_team_id,VARCHAR(20)
org_team,organisation_id,VARCHAR(20)
org_team,position_id,VARCHAR(20)
org_team,role_subject_id,VARCHAR(20)
org_team,start_date,DATE
org_type,input_file_id,BIGINT
org_type,name,VARCHAR(255)
org_type,org_type_id,VARCHAR(20)
org_type_activites,input_file_id,BIGINT
org_type_activites,name,VARCHAR(255)
org_type_activites,org_type_activites_id,VARCHAR(20)
organisation,cooperation_type,VARCHAR(255)
organisation,cover_dep_id,VARCHAR(20)
organisation,creation_date,DATE
organisation,crm_row_id,VARCHAR(20)
organisation,crm_row_id_holding,VARCHAR(255)
organisation,crm_row_id_subholding,VARCHAR(255)
organisation,date_gos_reg,DATE
organisation,end_date,DATE
organisation,holding_name,VARCHAR(100)
organisation,holding_organisation_id,VARCHAR(20)
organisation,holding_subholding,VARCHAR(255)
organisation,inn,VARCHAR(255)
organisation,input_file_id,BIGINT
organisation,is_client,CHAR(1)
organisation,is_fi,CHAR(1)
organisation,is_single,CHAR(1)
organisation,kio,VARCHAR(255)
organisation,kpp,VARCHAR(255)
organisation,mdm_id,VARCHAR(20)
organisation,name,VARCHAR(512)
organisation,name_short,VARCHAR(512)
organisation,number_employees,INTEGER
organisation,ogrn,VARCHAR(255)
organisation,okved,VARCHAR(255)
organisation,okved_name,VARCHAR(255)
organisation,opf,VARCHAR(255)
organisation,org_category_id,VARCHAR(20)
organisation,org_relation_dep_id,VARCHAR(20)
organisation,org_status_id,VARCHAR(20)
organisation,org_type_activites_id,VARCHAR(20)
organisation,org_type_id,VARCHAR(20)
organisation,organisation_id,VARCHAR(20)
organisation,parent_crm_row_id,VARCHAR(20)
organisation,parent_org_id,VARCHAR(20)
organisation,phone,VARCHAR(255)
organisation,priority,VARCHAR(255)
organisation,resident_type_id,VARCHAR(20)
organisation,sector_id,VARCHAR(20)
organisation,segment_id,VARCHAR(20)
organisation,start_date,DATE
organisation,sub_segment,VARCHAR(255)
organisation,subholding_name,VARCHAR(255)
organisation,subholding_organisation_id,VARCHAR(20)
organisation,vko_position_id,VARCHAR(20)
organisation_agg,is_cooperation_type,VARCHAR(255)
organisation_agg,km_org_orgstructure_id,VARCHAR(20)
organisation_agg,org_count_all,INTEGER
organisation_agg,org_count_credit,INTEGER
organisation_agg,org_count_klient,INTEGER
organisation_agg,org_count_sleep,INTEGER
organisation_agg,org_count_zacreplena,INTEGER
organisation_agg,org_relation_dep_id,VARCHAR(20)
organisation_agg,org_status_id,VARCHAR(20)
organisation_agg,org_type_id,VARCHAR(20)
organisation_agg,period_name_id,VARCHAR(20)
organisation_agg,report_date,DATE
organisation_agg,sector_id,VARCHAR(20)
organisation_agg,segment_id,VARCHAR(20)
organisation_agg,vko_orgstructure_id,VARCHAR(20)
organisation_hist,end_date,DATE
organisation_hist,input_file_id,BIGINT
organisation_hist,is_credit_customer,CHAR(1)
organisation_hist,is_potential,CHAR(1)
organisation_hist,organisation_id,VARCHAR(20)
organisation_hist,start_date,DATE
organisation_limit,accept_date,DATE
organisation_limit,accept_doc_num,VARCHAR(255)
organisation_limit,accept_limit_amount,"DECIMAL(25,7)"
organisation_limit,calc_limit_amout_rub,"DECIMAL(25,7)"
organisation_limit,creation_date,DATE
organisation_limit,crm_row_id,VARCHAR(20)
organisation_limit,curr_limit_amount_rub,"DECIMAL(25,7)"
organisation_limit,currency_id,VARCHAR(20)
organisation_limit,end_date,DATE
organisation_limit,input_file_id,BIGINT
organisation_limit,organisation_id,VARCHAR(20)
organisation_limit,organisation_limit_id,VARCHAR(20)
organisation_limit,owner_orgstructure_id,VARCHAR(20)
organisation_limit,st_accept_date,DATE
organisation_limit,st_accept_doc_num,VARCHAR(255)
organisation_limit,st_accept_limit_amount,"DECIMAL(25,7)"
organisation_limit,st_calc_limit_amount_rub,"DECIMAL(25,7)"
organisation_limit,st_curr_limit_amount_rub,"DECIMAL(25,7)"
organisation_limit,st_currency_id,VARCHAR(20)
organisation_limit,st_limit_id,VARCHAR(20)
organisation_limit,st_owner_orgstructure_id,VARCHAR(20)
organisation_limit,st_use_limit_amount_rub,"DECIMAL(25,7)"
organisation_limit,start_date,DATE
organisation_limit,status,VARCHAR(255)
organisation_limit,un_accept_date,DATE
organisation_limit,un_accept_doc_num,VARCHAR(255)
organisation_limit,un_accept_limit_amount,"DECIMAL(25,7)"
organisation_limit,un_curr_limit_rub,"DECIMAL(25,7)"
organisation_limit,un_currency_id,VARCHAR(20)
organisation_limit,un_limit_id,VARCHAR(20)
organisation_limit,un_owner_orgstructure_id,VARCHAR(20)
organisation_limit,un_use_limit_amount_rub,"DECIMAL(25,7)"
organisation_limit,use_limit_amount_rub,"DECIMAL(25,7)"
organisation_mfk_agg,currency_classification_id,VARCHAR(20)
organisation_mfk_agg,km_org_orgstructure_id,VARCHAR(20)
organisation_mfk_agg,measure_id,VARCHAR(20)
organisation_mfk_agg,org_coop_type_id,VARCHAR(20)
organisation_mfk_agg,organisation_id,VARCHAR(20)
organisation_mfk_agg,period_name_id,VARCHAR(20)
organisation_mfk_agg,product_id,VARCHAR(20)
organisation_mfk_agg,report_date,DATE
organisation_mfk_agg,sum_coop_subordinates_value,"DECIMAL(25,4)"
organisation_mfk_agg,sum_cooperation_value,"DECIMAL(35,15)"
organisation_mfk_agg,vko_orgstructure_id,VARCHAR(20)
orgstructures,creation_date,TIMESTAMP
orgstructures,crm_row_id,VARCHAR(20)
orgstructures,division_code,VARCHAR(30)
orgstructures,end_date,DATE
orgstructures,input_file_id,BIGINT
orgstructures,kind,VARCHAR(255)
orgstructures,level,VARCHAR(255)
orgstructures,name,VARCHAR(512)
orgstructures,orgstructures_id,VARCHAR(20)
orgstructures,parent_id,VARCHAR(20)
orgstructures,short_name,VARCHAR(512)
orgstructures,start_date,DATE
orgstructures_bi,ca_id,VARCHAR(20)
orgstructures_bi,ca_name,VARCHAR(255)
orgstructures_bi,ca_short_name,VARCHAR(255)
orgstructures_bi,current_orgstruct_name,VARCHAR(255)
orgstructures_bi,dep_id,VARCHAR(20)
orgstructures_bi,dep_name,VARCHAR(255)
orgstructures_bi,dep_short_name,VARCHAR(255)
orgstructures_bi,end_date,DATE
orgstructures_bi,gosb_id,VARCHAR(20)
orgstructures_bi,gosb_name,VARCHAR(255)
orgstructures_bi,gosb_short_name,VARCHAR(255)
orgstructures_bi,input_file_id,BIGINT
orgstructures_bi,orgstructures_id,VARCHAR(20)
orgstructures_bi,osb_id,VARCHAR(20)
orgstructures_bi,osb_name,VARCHAR(255)
orgstructures_bi,osb_short_name,VARCHAR(255)
orgstructures_bi,otdel_id,VARCHAR(20)
orgstructures_bi,otdel_name,VARCHAR(255)
orgstructures_bi,otdel_short_name,VARCHAR(255)
orgstructures_bi,sector_id,VARCHAR(20)
orgstructures_bi,sector_name,VARCHAR(255)
orgstructures_bi,sector_short_name,VARCHAR(255)
orgstructures_bi,start_date,DATE
orgstructures_bi,tb_id,VARCHAR(20)
orgstructures_bi,tb_name,VARCHAR(255)
orgstructures_bi,tb_short_name,VARCHAR(255)
orgstructures_bi,upr_id,VARCHAR(20)
orgstructures_bi,upr_name,VARCHAR(255)
orgstructures_bi,upr_short_name,VARCHAR(255)
orgstructures_bi,vsp_id,VARCHAR(20)
orgstructures_bi,vsp_name,VARCHAR(255)
orgstructures_bi,vsp_short_name,VARCHAR(255)
other_agreement,agreement_id,VARCHAR(20)
other_agreement,agreement_status_id,VARCHAR(20)
other_agreement,end_date,DATE
other_agreement,input_file_id,BIGINT
other_agreement,start_date,DATE
period,input_file_id,BIGINT
period,name,VARCHAR(255)
period,period_cd,VARCHAR(255)
period,period_id,VARCHAR(20)
period_name,name,VARCHAR(255)
period_name,period_name_id,VARCHAR(20)
position_contacts_link,contacts_id,VARCHAR(20)
position_contacts_link,end_date,DATE
position_contacts_link,input_file_id,BIGINT
position_contacts_link,link_type,VARCHAR(255)
position_contacts_link,position_contact_link_id,VARCHAR(20)
position_contacts_link,position_id,VARCHAR(20)
position_contacts_link,start_date,DATE
position_orgstruct_link,end_date,DATE
position_orgstruct_link,input_file_id,BIGINT
position_orgstruct_link,orgstructures_id,VARCHAR(20)
position_orgstruct_link,position_id,VARCHAR(20)
position_orgstruct_link,position_orgstruct_link_id,VARCHAR(20)
position_orgstruct_link,start_date,DATE
pre_court_proceed,agreement_id,VARCHAR(20)
pre_court_proceed,contacts_id,VARCHAR(20)
pre_court_proceed,end_date,DATE
pre_court_proceed,input_file_id,BIGINT
pre_court_proceed,pre_court_proceed_id,VARCHAR(20)
pre_court_proceed,start_date,DATE
pre_court_proceed,status,VARCHAR(255)
process_role,creation_date,TIMESTAMP
process_role,end_date,DATE
process_role,input_file_id,BIGINT
process_role,name,VARCHAR(255)
process_role,process_role_id,VARCHAR(20)
process_role,start_date,DATE
prod_lit_link,end_date,DATE
prod_lit_link,input_file_id,BIGINT
prod_lit_link,literature_id,VARCHAR(20)
prod_lit_link,prod_lit_link_id,VARCHAR(20)
prod_lit_link,product_id,VARCHAR(20)
prod_lit_link,start_date,DATE
product,end_date,DATE
product,input_file_id,BIGINT
product,is_literature,CHAR(1)
product,lock_flg,CHAR(1)
product,name,VARCHAR(255)
product,parent_id,VARCHAR(20)
product,product_group_id,VARCHAR(20)
product,product_id,VARCHAR(20)
product,start_date,DATE
product_group,end_date,DATE
product_group,input_file_id,BIGINT
product_group,name,VARCHAR(255)
product_group,product_group_id,VARCHAR(20)
product_group,start_date,DATE
product_group_dkk,end_date,DATE
product_group_dkk,input_file_id,BIGINT
product_group_dkk,name,VARCHAR(255)
product_group_dkk,product_group_dkk_id,VARCHAR(20)
product_group_dkk,start_date,DATE
product_limit,accept_doc_num,VARCHAR(255)
product_limit,accept_lim_date,DATE
product_limit,amount,"DECIMAL(25,7)"
product_limit,creation_date,DATE
product_limit,crm_row_id,VARCHAR(20)
product_limit,currency_id,VARCHAR(20)
product_limit,deal_id,VARCHAR(20)
product_limit,div_orgstructure_id,VARCHAR(20)
product_limit,end_date,DATE
product_limit,finish_lim_date,DATE
product_limit,input_file_id,BIGINT
product_limit,organisation_id,VARCHAR(20)
product_limit,owner_orgstructure_id,VARCHAR(20)
product_limit,product_limit_id,VARCHAR(20)
product_limit,product_limit_type_id,VARCHAR(20)
product_limit,product_type_id,VARCHAR(20)
product_limit,start_date,DATE
product_limit,status,VARCHAR(255)
product_limit_type,input_file_id,BIGINT
product_limit_type,name,VARCHAR(255)
product_limit_type,product_limit_type_id,VARCHAR(20)
product_sales_method_link,end_date,DATE
product_sales_method_link,input_file_id,BIGINT
product_sales_method_link,product_id,VARCHAR(20)
product_sales_method_link,product_sales_method_link_id,VARCHAR(20)
product_sales_method_link,sales_method_id,VARCHAR(20)
product_sales_method_link,start_date,DATE
product_type,input_file_id,BIGINT
product_type,name,VARCHAR(255)
product_type,product_type_id,VARCHAR(20)
profil,creation_date,DATE
profil,end_date,DATE
profil,input_file_id,BIGINT
profil,name,VARCHAR(255)
profil,profil_id,VARCHAR(20)
profil,start_date,DATE
profil_proc_role_link,end_date,DATE
profil_proc_role_link,input_file_id,BIGINT
profil_proc_role_link,process_role_id,VARCHAR(20)
profil_proc_role_link,profil_id,VARCHAR(20)
profil_proc_role_link,profil_proc_role_link_id,VARCHAR(20)
profil_proc_role_link,start_date,DATE
range_amount_type,input_file_id,BIGINT
range_amount_type,name,VARCHAR(255)
range_amount_type,range_amount_end,BIGINT
range_amount_type,range_amount_start,BIGINT
range_amount_type,range_amount_type_id,VARCHAR(20)
rate_type,input_file_id,BIGINT
rate_type,name,VARCHAR(255)
rate_type,rate_type_id,VARCHAR(20)
rating,accept_date,TIMESTAMP
rating,calc_date,TIMESTAMP
rating,calc_rating,"DECIMAL(25,7)"
rating,comments,VARCHAR(255)
rating,crm_row_id,VARCHAR(20)
rating,end_date,DATE
rating,estimate_name,VARCHAR(255)
rating,input_file_id,BIGINT
rating,inter_rating,"DECIMAL(25,7)"
rating,next_act_date,TIMESTAMP
rating,over_value,"DECIMAL(25,7)"
rating,pd,"DECIMAL(25,7)"
rating,position_id,VARCHAR(20)
rating,project,VARCHAR(255)
rating,rating,"DECIMAL(25,7)"
rating,rating_id,VARCHAR(20)
rating,rating_model_id,VARCHAR(20)
rating,rating_name_id,VARCHAR(20)
rating,rating_status_id,VARCHAR(20)
rating,rating_type,VARCHAR(255)
rating,start_date,DATE
rating,status_date,TIMESTAMP
rating_access_rights,access_rights_id,VARCHAR(20)
rating_access_rights,flag,CHAR(1)
rating_access_rights,login,VARCHAR(255)
rating_access_rights,position_id,VARCHAR(20)
rating_access_rights,rating_id,VARCHAR(20)
rating_access_rights,type_acc,CHAR(1)
rating_comment,calc_date,TIMESTAMP
rating_comment,comments,VARCHAR(2000)
rating_comment,contacts_id,VARCHAR(20)
rating_comment,created_dt,DATE
rating_comment,end_date,DATE
rating_comment,input_file_id,BIGINT
rating_comment,over_value,"DECIMAL(25,7)"
rating_comment,position_role,VARCHAR(255)
rating_comment,rating_comment_id,VARCHAR(20)
rating_comment,rating_id,VARCHAR(20)
rating_comment,rating_val_id,VARCHAR(20)
rating_comment,start_date,DATE
rating_link,consolidated_group_id,VARCHAR(20)
rating_link,defolt_detail_info_id,VARCHAR(20)
rating_link,end_date,DATE
rating_link,gsz_id,VARCHAR(20)
rating_link,input_file_id,BIGINT
rating_link,obj_id,VARCHAR(30)
rating_link,organisation_id,VARCHAR(20)
rating_link,rating_id,VARCHAR(20)
rating_link,rating_link_type,VARCHAR(20)
rating_link,start_date,DATE
rating_model,crm_row_id,VARCHAR(20)
rating_model,end_date,DATE
rating_model,input_file_id,BIGINT
rating_model,name,VARCHAR(255)
rating_model,rating_model_id,VARCHAR(20)
rating_model,start_date,DATE
rating_name,input_file_id,BIGINT
rating_name,name,VARCHAR(255)
rating_name,rating_name_id,VARCHAR(20)
rating_status,input_file_id,BIGINT
rating_status,name,VARCHAR(255)
rating_status,rating_status_id,VARCHAR(20)
rating_team,creation_date,TIMESTAMP
rating_team,end_date,DATE
rating_team,input_file_id,BIGINT
rating_team,is_primary,CHAR(1)
rating_team,position_id,VARCHAR(20)
rating_team,rating_id,VARCHAR(20)
rating_team,rating_team_id,VARCHAR(20)
rating_team,role_subject_id,VARCHAR(20)
rating_team,start_date,DATE
rating_vals,contacts_id,VARCHAR(20)
rating_vals,created_dt,DATE
rating_vals,end_date,DATE
rating_vals,input_file_id,BIGINT
rating_vals,rating_comment_id,VARCHAR(20)
rating_vals,rating_name_id,VARCHAR(20)
rating_vals,rating_type,VARCHAR(255)
rating_vals,rating_vals_id,VARCHAR(20)
rating_vals,rating_value,"DECIMAL(25,7)"
rating_vals,start_date,DATE
reestr_agency,agency_contract_id,VARCHAR(20)
reestr_agency,agency_date,TIMESTAMP
reestr_agency,creation_date,TIMESTAMP
reestr_agency,end_date,DATE
reestr_agency,input_file_id,BIGINT
reestr_agency,reestr_agency_id,VARCHAR(20)
reestr_agency,start_date,DATE
reestr_pa,debt_amount,"DECIMAL(25,7)"
reestr_pa,end_date,DATE
reestr_pa,input_file_id,BIGINT
reestr_pa,orgstructures_id,VARCHAR(20)
reestr_pa,reestr_pa_id,VARCHAR(20)
reestr_pa,reestr_type,VARCHAR(255)
reestr_pa,reg_num,VARCHAR(255)
reestr_pa,stage,VARCHAR(255)
reestr_pa,start_date,DATE
reestr_pa_access_rights,access_rights_id,VARCHAR(20)
reestr_pa_access_rights,flag,CHAR(1)
reestr_pa_access_rights,login,VARCHAR(255)
reestr_pa_access_rights,position_id,VARCHAR(20)
reestr_pa_access_rights,reestr_pa_id,VARCHAR(20)
reestr_pa_access_rights,type_acc,CHAR(1)
reestr_pa_team,end_date,DATE
reestr_pa_team,input_file_id,BIGINT
reestr_pa_team,position_id,VARCHAR(20)
reestr_pa_team,reestr_pa_id,VARCHAR(20)
reestr_pa_team,reestr_pa_team_id,VARCHAR(20)
reestr_pa_team,start_date,DATE
reg_agency_agr_link,agreement_id,VARCHAR(20)
reg_agency_agr_link,creation_date,DATE
reg_agency_agr_link,end_date,DATE
reg_agency_agr_link,input_file_id,BIGINT
reg_agency_agr_link,reestr_agency_id,VARCHAR(20)
reg_agency_agr_link,reg_agency_agr_link_id,VARCHAR(20)
reg_agency_agr_link,start_date,DATE
resident_type,input_file_id,BIGINT
resident_type,name,VARCHAR(255)
resident_type,resident_type_id,VARCHAR(20)
role_subject,input_file_id,BIGINT
role_subject,name,VARCHAR(255)
role_subject,role_subject_id,VARCHAR(20)
rvps,agreement_id,VARCHAR(20)
rvps,calc_rvps,"DECIMAL(25,4)"
rvps,end_date,DATE
rvps,input_file_id,BIGINT
rvps,start_date,DATE
sale_agreement,agreement_id,VARCHAR(20)
sale_agreement,agreement_status_id,VARCHAR(20)
sale_agreement,end_date,DATE
sale_agreement,input_file_id,BIGINT
sale_agreement,start_date,DATE
sales_method,creation_date,DATE
sales_method,input_file_id,BIGINT
sales_method,name,VARCHAR(255)
sales_method,sales_method_id,VARCHAR(20)
screen,creation_date,DATE
screen,description,VARCHAR(255)
screen,end_date,DATE
screen,input_file_id,BIGINT
screen,name,VARCHAR(255)
screen,screen_id,VARCHAR(20)
screen,start_date,DATE
screen_proc_role_link,end_date,DATE
screen_proc_role_link,input_file_id,BIGINT
screen_proc_role_link,process_role_id,VARCHAR(20)
screen_proc_role_link,screen_id,VARCHAR(20)
screen_proc_role_link,screen_proc_role_link_id,VARCHAR(20)
screen_proc_role_link,start_date,DATE
sector,input_file_id,BIGINT
sector,name,VARCHAR(255)
sector,sector_id,VARCHAR(20)
segment,input_file_id,BIGINT
segment,name,VARCHAR(255)
segment,segment_id,VARCHAR(20)
statistic_crm_agg,collegial_count_active,INTEGER
statistic_crm_agg,collegial_count_all,INTEGER
statistic_crm_agg,consgroup_count_active,INTEGER
statistic_crm_agg,consgroup_count_all,INTEGER
statistic_crm_agg,cont_count_active,INTEGER
statistic_crm_agg,cont_count_active_day,INTEGER
statistic_crm_agg,cont_count_all,INTEGER
statistic_crm_agg,cont_count_created,INTEGER
statistic_crm_agg,contacts_id,VARCHAR(20)
statistic_crm_agg,coop_count_active,INTEGER
statistic_crm_agg,coop_count_all,INTEGER
statistic_crm_agg,deal_count_act,INTEGER
statistic_crm_agg,deal_count_all,INTEGER
statistic_crm_agg,deal_count_created,INTEGER
statistic_crm_agg,deal_count_modif,INTEGER
statistic_crm_agg,deal_count_open,INTEGER
statistic_crm_agg,deal_count_open_cont,"DECIMAL(25,1)"
statistic_crm_agg,dealkk_count_active,INTEGER
statistic_crm_agg,dealkk_count_all,INTEGER
statistic_crm_agg,dealkk_count_created,INTEGER
statistic_crm_agg,dealkk_count_modif,INTEGER
statistic_crm_agg,dealkk_count_open,INTEGER
statistic_crm_agg,dealkk_count_open_cont,"DECIMAL(25,1)"
statistic_crm_agg,executory_count_active,INTEGER
statistic_crm_agg,executory_count_all,INTEGER
statistic_crm_agg,gsz_count_active,INTEGER
statistic_crm_agg,gsz_count_all,INTEGER
statistic_crm_agg,guarantyagr_count_active,INTEGER
statistic_crm_agg,guarantyagr_count_all,INTEGER
statistic_crm_agg,individ_count_active,INTEGER
statistic_crm_agg,individ_count_active_cont,"DECIMAL(25,1)"
statistic_crm_agg,individ_count_all,INTEGER
statistic_crm_agg,individ_count_created,INTEGER
statistic_crm_agg,individ_count_modif,INTEGER
statistic_crm_agg,loanagr_count_active,INTEGER
statistic_crm_agg,loanagr_count_all,INTEGER
statistic_crm_agg,monpa_count_active,INTEGER
statistic_crm_agg,monpa_count_all,INTEGER
statistic_crm_agg,org_count_active,INTEGER
statistic_crm_agg,org_count_all,INTEGER
statistic_crm_agg,org_count_cont,"DECIMAL(25,1)"
statistic_crm_agg,org_count_created,INTEGER
statistic_crm_agg,org_count_modif,INTEGER
statistic_crm_agg,org_relation_dep_id,VARCHAR(20)
statistic_crm_agg,orgstructures_id,VARCHAR(20)
statistic_crm_agg,position_id,VARCHAR(20)
statistic_crm_agg,pretrial_count_active,INTEGER
statistic_crm_agg,pretrial_count_all,INTEGER
statistic_crm_agg,proceeding_count_active,INTEGER
statistic_crm_agg,proceeding_count_all,INTEGER
statistic_crm_agg,prosecution_count_active,INTEGER
statistic_crm_agg,prosecution_count_all,INTEGER
statistic_crm_agg,rating_count_active,INTEGER
statistic_crm_agg,rating_count_all,INTEGER
statistic_crm_agg,report_date,DATE
statistic_crm_agg,salepa_count_active,INTEGER
statistic_crm_agg,salepa_count_all,INTEGER
statistic_crm_agg,segment_id,VARCHAR(20)
statistic_crm_agg,sur_agr_count_active,INTEGER
statistic_crm_agg,sur_agr_count_all,INTEGER
statistic_crm_agg,task_count_active,INTEGER
statistic_crm_agg,task_count_all,INTEGER
statistic_crm_agg,task_count_created,INTEGER
statistic_crm_agg,task_count_modif,INTEGER
statistic_crm_agg,task_count_open_cont,"DECIMAL(25,1)"
statistic_crm_agg,writeofpa_count_active,INTEGER
statistic_crm_agg,writeofpa_count_all,INTEGER
stg_name,deal_status_id,VARCHAR(20)
stg_name,end_date,DATE
stg_name,input_file_id,BIGINT
stg_name,name_crm,VARCHAR(255)
stg_name,name_uni_id,VARCHAR(20)
stg_name,start_date,DATE
stg_name,stg_name_id,VARCHAR(20)
strategy_team,created_date,DATE
strategy_team,end_date,DATE
strategy_team,input_file_id,BIGINT
strategy_team,position_id,VARCHAR(20)
strategy_team,start_date,DATE
strategy_team,strategy_team_id,VARCHAR(20)
strategy_team,task_id,VARCHAR(20)
structure_consld_group,consolidated_group_id,VARCHAR(20)
structure_consld_group,creation_date,TIMESTAMP
structure_consld_group,end_date,DATE
structure_consld_group,input_file_id,BIGINT
structure_consld_group,organisation_id,VARCHAR(20)
structure_consld_group,start_date,DATE
structure_consld_group,structure_consld_group_id,VARCHAR(20)
sur_agr_access_rights,access_rights_id,VARCHAR(20)
sur_agr_access_rights,agreement_id,VARCHAR(20)
sur_agr_access_rights,flag,CHAR(1)
sur_agr_access_rights,login,VARCHAR(255)
sur_agr_access_rights,position_id,VARCHAR(20)
sur_agr_access_rights,type_acc,CHAR(1)
surety_agreement,agreement_id,VARCHAR(20)
surety_agreement,all_income_amount,"DECIMAL(25,7)"
surety_agreement,assets_type_id,VARCHAR(20)
surety_agreement,end_date,DATE
surety_agreement,input_file_id,BIGINT
surety_agreement,market_price_amount,"DECIMAL(25,7)"
surety_agreement,parent_crm_row_id,VARCHAR(20)
surety_agreement,parent_id,VARCHAR(20)
surety_agreement,procuring_price_amount_rub,"DECIMAL(25,7)"
surety_agreement,start_date,DATE
surety_agreement,surety_price_amount_rub,"DECIMAL(25,7)"
task,appointment_date,DATE
task,approved,VARCHAR(255)
task,approved_ko,VARCHAR(255)
task,assign_date,TIMESTAMP
task,behalf_contacts_id,VARCHAR(20)
task,call_submit_dt,TIMESTAMP
task,content,VARCHAR(2000)
task,created_dt,DATE
task,crm_row_id,VARCHAR(20)
task,deal_crm_row_id,VARCHAR(20)
task,deal_id,VARCHAR(20)
task,decision,VARCHAR(2000)
task,decision_num,VARCHAR(255)
task,end_date,DATE
task,end_date_fact,TIMESTAMP
task,end_date_plan,TIMESTAMP
task,essence_name,VARCHAR(2000)
task,fact_duration,INTEGER
task,initiate_contacts_id,VARCHAR(20)
task,input_file_id,BIGINT
task,is_open,CHAR(1)
task,main_exec_contacts_id,VARCHAR(20)
task,mon_card_crm_row_id,VARCHAR(20)
task,monitoring_card_id,VARCHAR(20)
task,name,VARCHAR(255)
task,norm_duration,INTEGER
task,org_crm_row_id,VARCHAR(20)
task,organisation_id,VARCHAR(20)
task,orgstructures_id,VARCHAR(20)
task,plan_duration,INTEGER
task,plane_date,TIMESTAMP
task,priority_cd,VARCHAR(255)
task,proj_team_flg,VARCHAR(255)
task,result_created_dt,TIMESTAMP
task,start_date,DATE
task,start_date_fact,TIMESTAMP
task,start_date_plan,TIMESTAMP
task,status_result,VARCHAR(255)
task,task_comment,VARCHAR(2000)
task,task_id,VARCHAR(20)
task,task_result,VARCHAR(255)
task,task_status_id,VARCHAR(20)
task,task_type_id,VARCHAR(20)
task,template_flg,CHAR(1)
task,templates_id,VARCHAR(20)
task_access_rights,access_rights_id,VARCHAR(20)
task_access_rights,flag,CHAR(1)
task_access_rights,login,VARCHAR(255)
task_access_rights,position_id,VARCHAR(20)
task_access_rights,task_id,VARCHAR(20)
task_access_rights,type_acc,CHAR(1)
task_agg,count_task,INTEGER
task_agg,count_task_close,INTEGER
task_agg,count_task_created,INTEGER
task_agg,initiate_orgstructure_id,VARCHAR(20)
task_agg,main_exec_orgstructure_id,VARCHAR(20)
task_agg,organisation_id,VARCHAR(20)
task_agg,period_name_id,VARCHAR(20)
task_agg,report_date,DATE
task_agg,task_part_id,VARCHAR(20)
task_agg,task_type_id,VARCHAR(20)
task_part,input_file_id,BIGINT
task_part,name,VARCHAR(255)
task_part,task_part_id,VARCHAR(20)
task_role,contact_id,VARCHAR(20)
task_role,end_date,DATE
task_role,input_file_id,BIGINT
task_role,name,VARCHAR(255)
task_role,start_date,DATE
task_role,task_id,VARCHAR(20)
task_role,task_role_id,VARCHAR(20)
task_status,input_file_id,BIGINT
task_status,name,VARCHAR(255)
task_status,task_status_id,VARCHAR(20)
task_type,input_file_id,BIGINT
task_type,name,VARCHAR(255)
task_type,task_part_id,VARCHAR(20)
task_type,task_type_id,VARCHAR(20)
tax_revenue_org,end_date,DATE
tax_revenue_org,input_file_id,BIGINT
tax_revenue_org,org_prod_act_id,VARCHAR(20)
tax_revenue_org,org_text,VARCHAR(255)
tax_revenue_org,organisation_id,VARCHAR(20)
tax_revenue_org,share_num,"DECIMAL(25,7)"
tax_revenue_org,start_date,DATE
tax_revenue_org,tax_revenue_org_id,VARCHAR(20)
templates,creation_date,DATE
templates,description,VARCHAR(255)
templates,end_date,DATE
templates,input_file_id,BIGINT
templates,is_active,VARCHAR(1)
templates,name,VARCHAR(255)
templates,start_date,DATE
templates,templates_id,VARCHAR(20)
templates,templates_type,VARCHAR(255)
tender,end_date,DATE
tender,input_file_id,BIGINT
tender,position_id,VARCHAR(20)
tender,start_date,DATE
tender,tender_date,DATE
tender,tender_id,VARCHAR(20)
tender_access_rights,access_rights_id,VARCHAR(20)
tender_access_rights,flag,CHAR(1)
tender_access_rights,login,VARCHAR(255)
tender_access_rights,position_id,VARCHAR(20)
tender_access_rights,tender_id,VARCHAR(20)
tender_access_rights,type_acc,CHAR(1)
tender_lot_link,end_date,DATE
tender_lot_link,input_file_id,BIGINT
tender_lot_link,lot_id,VARCHAR(20)
tender_lot_link,start_date,DATE
tender_lot_link,tender_id,VARCHAR(20)
tender_lot_link,tender_lot_link_id,VARCHAR(20)
type_activity_org,end_date,DATE
type_activity_org,input_file_id,BIGINT
type_activity_org,org_prod_act_id,VARCHAR(20)
type_activity_org,organisation_id,VARCHAR(20)
type_activity_org,share_num,"DECIMAL(25,7)"
type_activity_org,start_date,DATE
type_activity_org,type_activity_org_id,VARCHAR(20)
type_production_org,end_date,DATE
type_production_org,input_file_id,BIGINT
type_production_org,org_prod_act_id,VARCHAR(20)
type_production_org,organisation_id,VARCHAR(20)
type_production_org,share_num,"DECIMAL(25,7)"
type_production_org,start_date,DATE
type_production_org,type_production_org_id,VARCHAR(20)
user_activity,act_type,VARCHAR(255)
user_activity,active_date,TIMESTAMP
user_activity,contacts_id,VARCHAR(20)
user_activity,input_file_id,BIGINT
user_activity,subject,VARCHAR(255)
user_proc_role_link,contacts_id,VARCHAR(20)
user_proc_role_link,end_date,DATE
user_proc_role_link,input_file_id,BIGINT
user_proc_role_link,process_role_id,VARCHAR(20)
user_proc_role_link,start_date,DATE
user_proc_role_link,user_proc_role_link_id,VARCHAR(20)
user_profil_link,contacts_id,VARCHAR(20)
user_profil_link,end_date,DATE
user_profil_link,input_file_id,BIGINT
user_profil_link,profil_id,VARCHAR(20)
user_profil_link,start_date,DATE
user_profil_link,user_profil_link_id,VARCHAR(20)
